ID_ADMIN;COORD_X;COORD_Y;ALT_TERRAI;PROFONDE_1
18793;2502144.7;1127037.5;376.25;7
19110;2501838;1127336;391.9;10
18033;2500052;1126270;395.1;10
18034;2499937;1126198;400.7;9
18790;2502109.79;1127030.32;376.3;10
19335;2501868;1127083;386.7;40
19113;2501859;1127369;391.2;8
18828;2501650.95;1127568.97;398.35;36.5
19108;2501888.01;1127388.98;389.7;5
19109;2501877;1127353;390.1;5
19461;2501148;1128107;423.15;32
18032;2499864;1126341;407.4;13.5
18792;2502162.7;1127022.5;375.7;8
18786;2501978.65;1126970.19;382.85;9
19107;2501877;1127382;389.7;5
19112;2501838;1127366;391.8;10
19172;2501897;1126795;385.3;15
18707;2501635;1126413;395.69;56
18791;2502126.1;1127017.4;375.9;8
18710;2501806;1126874;388.03;40.5
18788;2502018.14;1126942.04;382.15;8
19111;2501880;1127330;390.3;8
18035;2499897;1126117;400.7;10
19610;2500970;1126475;423;250
18709;2501880.94;1126649.04;384.71;28.3
18708;2501885;1126500;384.8;18
19333;2501893;1126994;385.63;40.5
18789;2502046.94;1126960.04;380.1;9
18787;2502001.24;1126967.08;381.95;8
8834;2501793.27;1126890.22;388.23;2.4
16434;2501472;1126293;403;160
9948;2502084.29;1126025.2;374.7;1.8
4624;2502004.26;1127490.26;384;3
14059;2501168.7;1127190.6;424;136
1228;2501936.29;1125813.19;375.7;15.2
4080;2499823.29;1126203.29;403.4;15
8539;2500961.22;1126715.24;425.4;3.6
13394;2501421.94;1127024.64;405;12
5245;2501955.26;1127515.26;385.5;4.5
2734;2501591.29;1126050.18;404.16;10.5
8188;2501149.26;1127420.25;425.5;2.3
12007;2501755.54;1127395.45;392.35;3.2
5633;2501394.26;1126005.2;392.9;2
10793;2501891.3;1125878.18;378.93;12
14562;2501695.28;1126469.19;393.05;4.2
5734;2500969.25;1128010.28;425;2.3
8050;2502139.25;1127534.26;381.3;2.6
6569;2501443.31;1126019.26;401.2;4
11888;2499955.2;1126404.28;409;5
9583;2501039.26;1127260.23;421.9;2.1
8049;2502185.26;1127465.26;381.6;2.7
3835;2500218.25;1126437.26;409.16;11
1455;2499999.27;1126240.29;400.4;12.5
9960;2501514.25;1127745.27;405;7.8
4553;2502091.29;1125837.2;374;1.7
2342;2501669.27;1126705.2;396.25;2.9
12270;2501810.47;1125910.41;377.91;8
10640;2501964.27;1126953.24;383.6;3.1
12018;2500295.07;1126404.37;406.68;12.8
6773;2502065.29;1126015.2;375.15;25
16811;2501866;1126627;385.3;6
11545;2501267.24;1126028.21;384.4;1.9
1235;2501889.3;1126185.19;388.1;15.3
1083;2501909.27;1127056.24;385;10.25
12646;2500973.22;1126635.24;424.9;1.55
8613;2501937.26;1127370.27;387.7;15
1241;2501902.27;1127070.25;385.4;21.4
8753;2501564.27;1126612.2;400.5;4.7
8999;2501785.27;1126848.22;389.84;17
1236;2501893.3;1126224.19;386.2;15.1
11249;2500208.25;1126435.26;407.7;13.55
16944;2500791;1127479;420;60
8069;2501779.27;1126708.21;387.85;19.5
9963;2501764.24;1127780.27;390;4
6077;2501669.27;1126815.21;395.73;20
14423;2501869.3;1125867.19;377.5;15.4
9753;2501899.3;1125880.18;377.47;5
1464;2500399.23;1127310.26;423.89;12.65
1460;2500390.11;1128035.25;428.82;8.15
3248;2501969.3;1126258.2;379.26;10
1450;2501469.27;1125865.21;381;2.5
8129;2501177.23;1126094.21;394;10
5330;2501314.25;1126032.2;393.8;6.5
16858;2501365;1126655;408;196
5332;2501389.26;1125920.21;388.5;1.8
16019;2501494;1126375;402.2;3.4
6271;2501853.28;1126713.21;386.6;4.8
17035;2501002;1126971;424.75;4.55
5333;2501373.66;1126039.03;396.45;3.85
8691;2501582.27;1126621.2;400.74;4.25
15383;2501859;1126293;388;15
12687;2501474.27;1127035.22;402.8;15
12703;2501699.28;1126528.19;392.5;9.2
5334;2501954.3;1126315.2;382;0.5
2770;2502065.29;1125920.2;383.16;10
7843;2502119.3;1128166.69;388.75;2.6
8137;2502189.28;1125830.2;373.9;1.6
16020;2501504;1126341;402;3.6
14422;2501855.3;1125867.19;377.4;10
6202;2501929.25;1127705.26;388.2;1.3
3247;2501939.3;1126242.2;380.88;13
14365;2501927.3;1126223.19;385.69;13.2
11887;2499576.26;1126366.37;405.2;4
6270;2501799.26;1127555.27;396.7;3.9
16653;2501875;1127160;387.5;230
1466;2500203.26;1126383.27;395.25;12
1081;2502211.27;1127190.27;375;8
16229;2502108;1128126;386.6;3.5
7132;2501424.27;1127053.22;405.2;2.2
4620;2501189.24;1126805.22;417.5;2.7
14598;2501433.27;1126960.21;404.54;2.2
8051;2502124.26;1127515.26;381.7;2.9
126;2500259.25;1126545.25;415.28;8.2
5248;2501454.27;1126417.2;402.5;2.7
5081;2501974.26;1127550.26;385.6;3.2
14522;2501685.6;1126491.36;393.8;3.2
12272;2501705.08;1125899.21;377.86;3.5
12645;2500964.22;1126618.24;425;2.4
14417;2501870.3;1125919.18;377.85;15
12203;2500016.69;1126247.45;400.35;12
10142;2501890.29;1126455.2;386.1;12
3656;2501829.27;1127004.24;386.52;13
10853;2501644.27;1127093.24;393.55;12
5136;2501374.26;1126302.21;407;1.8
17346;2501820.12;1126407.53;387.02;4
4412;2501967.3;1125940.19;380.2;1.6
14060;2501965.5;1126412.9;385;160
16810;2501570;1127713;406.5;15
6384;2501943.26;1127375.27;387.6;4
4413;2501614.28;1126430.19;397.3;3.45
13966;2501669.27;1127262.25;393;3.5
15445;2501082;1126831;420;175
10789;2501604.26;1127430.27;402.21;12
7554;2502088.25;1127543.26;381.39;3.4
7414;2501293.24;1126636.22;409.2;2.4
13397;2501422.27;1127004.22;405;4
10380;2500246.25;1126459.26;415.46;20
17347;2501811.76;1126407.73;387.02;4
9085;2501865.27;1127250.26;389.2;2.9
8836;2501695.27;1126922.22;391.57;2.3
3834;2500214.25;1126425.27;405;10
12689;2501562.27;1127032.23;396.6;8
2746;2501669.27;1127070.23;392.23;11
12004;2501724.45;1126812.08;393.05;3.1
9968;2502179.24;1127732.24;374;1.5
9750;2501671.27;1126825.21;397.35;9.2
1239;2501906.29;1126427.2;384.4;15.05
4414;2501844.26;1127600.27;395;3.5
16064;2500971.8;1126384.8;423;190
6395;2502052.27;1127227.68;382.6;5
11251;2500217.25;1126471.26;414.7;14.8
10850;2501898.29;1125810.19;378.17;29.5
17036;2501034;1126974;424.7;4.5
1234;2501912.3;1126132.19;385.1;16
17034;2500996;1126943;425;4.8
8755;2501785.27;1127130.25;389.6;3.6
14036;2502015.38;1127773.55;385;180
7612;2502027.31;1128030.68;391.8;4.2
13969;2501652.27;1127256.25;393;2
10790;2501702.27;1126845.21;393.11;10
14155;2501893.26;1127384.27;390;4.3
7423;2502097.25;1127546.26;381.7;2.4
12971;2501995.72;1126504.58;383;60
7582;2501624.29;1126318.19;396.5;2.8
7136;2500999.23;1126846.24;424.4;2.3
914;2501806.29;1125810.2;376.8;21
8694;2501743.29;1126380.19;389.47;4
12221;2499813.94;1126396.59;405.42;17
14001;2501063.08;1126269.6;421.33;160
8824;2501184.25;1126870.22;416.13;45.2
2767;2502034.29;1125875.19;379.57;6
12331;2501758.27;1127253.26;392.03;4
125;2500254.25;1126535.25;415.58;12
8754;2501869.27;1127316.27;390.7;2.3
1463;2500404.23;1127315.27;423.66;8.15
3232;2499567.3;1126355.27;405.5;26
9961;2501523.25;1127740.27;401.4;3.9
9325;2502180.29;1125899.21;374.3;10.45
14156;2501878.26;1127376.27;390;4.3
6386;2502025.26;1127346.27;386.2;4.2
9584;2501054.26;1127255.23;422.6;2.3
17033;2501019;1126939;424.65;4.15
15885;2501982;1127406;388;160
12332;2501718.27;1127263.26;392.31;4.3
4079;2499897.28;1126209.29;401.25;10
9663;2501771.26;1127400.27;392.6;2.8
3604;2501839.3;1126140.18;392.5;6.9
12008;2501789.87;1127395.45;392.75;3.6
7502;2501652.27;1127224.25;392.96;3.5
7611;2501999.28;1128050.72;389.1;8
2768;2502041.29;1125890.19;382.7;10
12504;2500389.24;1126348.37;395.61;9
10638;2502209.22;1127779.22;374.35;12.6
13395;2501420.55;1127012.14;405;5
6078;2501593.27;1126701.2;401.18;43.3
6707;2501734.27;1126700.2;390.9;28.5
8894;2501286.25;1126795.22;409.2;1.1
6256;2500949.22;1126583.24;425.5;2.6
6568;2501449.27;1126053.19;405.5;4.7
1451;2502227.28;1125770.21;374.05;12.6
15711;2501178.84;1126495.16;420;130
14366;2501899.3;1126208.19;387.57;18
14369;2501968.3;1126269.2;379.59;15
9475;2502133.27;1126857.24;378.4;3.5
5244;2501245.26;1127228.23;418.5;2.1
10787;2501789.22;1127876.29;402.57;10
17567;2501488.65;1126280.83;402.3;50.5
5249;2501514.27;1126425.2;400.7;3.2
9751;2501864.3;1126158.19;388.59;8
17308;2501414;1126112;407;185
4109;2501841.3;1125938.18;377.88;10
7133;2501299.27;1127033.22;410.7;3
6886;2501214.24;1126125.2;410.6;4.6
3657;2501767.27;1127027.23;387.53;12
6570;2501421.26;1125987.2;392.6;1.8
6273;2501866.28;1126689.21;387;2.1
10443;2501599.25;1127712.27;403.5;15
9320;2501224.27;1127142.22;419.4;2.3
16937;2501003;1126965;425;200
9949;2502059.29;1125890.19;381.5;7
11248;2500193.26;1126380.27;399.6;14.1
7844;2502099.28;1128166.71;389.1;3
16642;2501392;1126628;407;190
9965;2501875.23;1127805.29;384.4;1.4
14158;2501890.27;1127350.27;389.85;14
13402;2502076.81;1126092.65;374;140
13396;2501425.55;1127012.14;405;4
1232;2501943.3;1125995.19;385.45;31.1
10331;2501781.27;1127290.26;391.9;3.3
12767;2501571.27;1127313.25;395.33;13.2
15606;2501943;1127382;387.55;11
10282;2502044.29;1126090.2;375.6;10.8
14421;2501869.3;1125888.18;377.5;15
16021;2501486;1126318;402.5;3.55
5328;2501267.25;1126050.2;388.7;1
12275;2501863.91;1125831.54;377.44;5.2
11427;2501711.23;1127851.28;405.79;8.75
14858;2502026.29;1125789.19;375.5;6
12005;2501771.94;1126820.58;390.4;3.7
15446;2501150;1126200;415;150
7153;2501439.27;1126850.21;405.1;2
12330;2501839.27;1127280.26;391.14;4.5
10104;2500994.24;1127014.24;423.2;2.8
6201;2501862.25;1127670.26;397.3;4.6
6771;2501987.3;1126110.2;383.97;35.5
12017;2500336.68;1126406.58;406.12;12.6
16943;2501774;1127494;394.16;49
12654;2501939.27;1127080.25;383.29;6.1
1244;2502033.29;1125770.19;373.5;15.2
16922;2500965;1127030;422;170
15887;2500079;1126501;417;170
17344;2501795.67;1126426.35;387.97;12
8189;2501294.25;1126145.19;408.6;3
12006;2501756.99;1126764.88;391.1;3.6
8449;2501467.27;1126470.2;401.9;2.2
14057;2501889.37;1127935.35;395;140
12653;2501967.27;1127064.25;381.26;4.9
15607;2501986;1127443;385.76;9
8801;2501671.3;1126168.18;397.1;4.6
15886;2501144;1126604;418;220
14157;2501896.26;1127394.27;389.64;15
2771;2501835.3;1125950.18;383.64;10
12477;2501756;1127127.8;389.42;3.1
14416;2501855.3;1125925.18;378.05;10
3807;2500199.26;1126400.27;394.46;4.4
7325;2502086.26;1127496.26;381.6;4.6
14597;2501469.27;1126967.22;408.35;3.7
12010;2501896.98;1127411.92;390.1;3.4
8448;2501180.24;1126692.23;418.7;3.2
12688;2501511.27;1127044.23;399.9;10
14419;2501874.3;1125899.18;377.5;15
6900;2501555.27;1126550.2;400.2;3.5
5214;2501697.28;1126560.19;394;3
12685;2501569.27;1126989.22;397.11;4
10852;2501897.3;1125972.18;382.64;10
15297;2501107;1127158;424;200
7134;2501274.27;1127202.23;416.5;3.5
9967;2502099.24;1127738.25;378.2;3.2
11129;2499734.29;1126485.25;405.5;2
12009;2501848.92;1127411.92;391.85;3
16433;2501493;1126373;402;160
6389;2502182.26;1127400.26;381;4.6
5250;2501569.28;1126440.19;399;2.5
1458;2500388;1128040;429;10.4
5632;2501394.26;1126027.2;395.7;3
9664;2501815.26;1127445.27;393.4;2.9
14447;2502076.29;1125724.2;375.9;10
7234;2501133.24;1126306.2;420.2;2.8
9453;2501149.24;1126468.23;419.5;2.4
12271;2501850.55;1125892.3;377.57;4.6
5732;2500995.25;1127897.28;423.5;2
13967;2501671.27;1127253.25;393;3.5
12686;2501551.27;1126983.22;398.2;5
8693;2501756.29;1126395.19;388.68;2.9
8822;2500800.23;1126155.25;394.13;21
8547;2501694.28;1126485.19;393.1;2.2
3809;2500301.24;1126760.24;419.86;4.1
16692;2502058.1;1127072.33;381;180
11025;2501889.26;1127488.27;391;1.6
4626;2501739.27;1127225.25;392;3
9323;2501799.26;1127400.27;393;3.6
13968;2501661.27;1127252.25;393;3.5
6257;2501204.24;1126263.19;415.7;3
3655;2501887.27;1127032.24;385.62;12
5731;2501075.26;1127835.28;422;2.3
16119;2501417;1126466;404.3;220
4625;2502083.26;1127480.26;381.8;3.5
6390;2502178.26;1127357.26;379.6;4.2
4078;2499929.28;1126246.28;400.4;12
1229;2501939.3;1125867.18;376;23.5
10639;2501436.27;1126149.18;406.1;1.8
7583;2501954.3;1125941.19;378;7.5
2735;2501719.3;1126095.17;398.53;10.2
2745;2501649.27;1127046.23;393.15;11
5730;2501172.25;1127908.27;421.5;2.2
5733;2500899.25;1127965.28;424.7;2.1
9962;2501699.25;1127753.26;396;6
8128;2501193.24;1126106.2;404;10
12766;2501548.26;1127377.26;399.78;8
1238;2501924.3;1126380.2;385.3;15.6
3806;2500214.25;1126398.27;394.29;3.8
17345;2501824.16;1126418.91;387.11;4
12475;2501751.27;1127200.25;391.44;4.6
7422;2502082.01;1127503.22;381.5;3.5
14153;2501866.27;1127367.27;391;5
9748;2501759.21;1127915.29;403.78;8
6382;2501943.26;1127473.27;387.2;4.4
6393;2502052.27;1127187.26;381.7;4.3
9964;2501877.23;1127812.29;388.4;2.9
1077;2502197.27;1126995.25;373.9;20
612;2502169.29;1125830.2;373.9;10.1
11546;2501270.25;1126042.2;387.4;2
12329;2501888.27;1127291.27;389.66;4.2
5131;2501169.24;1126708.23;419.8;3
14647;2500121.48;1126501.37;416;94
6392;2502073.27;1127200.27;381.8;4.6
17993;2501103.03;1126782.03;419;186
4077;2499852.28;1126251.28;403.3;10
11706;2501054.59;1127192.21;418;130
5080;2501684.28;1126575.19;394;4.2
15461;2501306;1126077;405;273
11041;2501856.26;1127406.27;391;2.5
10791;2501697.28;1126642.2;395.65;12
14523;2501619.28;1126490.19;397.3;1.3
14063;2501944.11;1126883.46;384;200
15247;2501475.9;1126440.8;404;160
12652;2501999.27;1127086.02;382.5;4.6
6272;2501891.28;1126713.21;385.3;4.1
6888;2501254.25;1126244.19;410.8;4.4
8615;2501939.26;1127452.27;387.2;15
6079;2501771.27;1126716.21;388.15;23.5
1461;2500404.25;1128020.27;428.9;8.05
16230;2502080;1128151;387.89;10.5
124;2500239.25;1126540.25;415.52;8.35
12020;2500295.52;1126373.39;406;12.7
6394;2502063.2;1127268.46;384.5;5.1
12655;2501951.27;1127113.25;383.57;6
12019;2500334.47;1126376.05;405.24;12.8
16018;2501455;1126368;403.3;3.6
8802;2501754.3;1126180.18;394.1;4.7
6383;2501943.26;1127416.27;387.2;4.7
6385;2502014.26;1127410.27;384.3;3.5
14074;2502418.3;1128140.64;376;240
14785;2501898.27;1127356.27;390;2.8
16812;2501860;1126617;385.8;6
7152;2501419.27;1126862.21;405.8;1.9
9966;2502044.25;1127735.25;380.7;2.7
14420;2501854.3;1125888.18;377.7;10
12702;2501620.28;1126550.19;397.73;12
8614;2501954.26;1127412.27;387;15.2
15884;2501933;1127435;388;160
1233;2501930.3;1126060.19;387.4;20
7555;2502052.26;1127525.26;381.9;3
11018;2501229.26;1127190.23;419;2.4
8837;2501739.27;1126862.22;391.02;2.3
1462;2500389.23;1127330.27;424.55;10.05
5631;2501394.26;1126046.19;399;4
17307;2501408;1126105;407;185
15382;2501820;1126362;388.05;15
10838;2501966.28;1126685.22;383.55;3.2
7581;2501664.51;1127225.61;393.1;3.2
5331;2501379.26;1125995.2;391.8;4.8
9582;2501124.24;1126800.23;419;2.9
7609;2501914.31;1128035.71;395.5;8
10851;2501896.3;1125995.18;383.5;18
11864;2500352.76;1126437.87;407.02;20
1230;2501953.3;1125913.19;378.07;26.5
10398;2501760.31;1126014.17;392.57;10
12273;2501823.39;1125875.5;377.4;2.5
1242;2501934.27;1127032.24;385;12.1
3812;2500409.24;1127675.27;428.72;3
7571;2501280.25;1126725.22;409.4;3.1
4897;2501004.25;1127150.23;421.8;2.2
4947;2501849.3;1126040.18;391;4
11430;2501893.26;1127490.27;390.64;7
9202;2501347.25;1126761.21;407.7;2.6
8833;2501713.27;1126902.22;391.34;24.14
8800;2501649.3;1126163.18;398.7;4.6
6391;2502114.27;1127205.27;382.1;4.8
9326;2502166.29;1125902.2;374;10
8825;2501526.26;1127436.27;405.52;60.1
8612;2501963.26;1127374.27;386.8;15.8
12478;2501817.79;1127136.36;387.86;4.2
11426;2501786.2;1127945.32;402.79;8.15
8835;2501779.27;1126922.23;387.63;2.9
17992;2501117.03;1126760.03;419;200
17568;2501587.3;1127115.35;391.12;52.5
1237;2501923.3;1126287.2;386.1;20.1
17348;2501827.79;1126389.57;387.1;10
16965;2501229;1126648;413;220
5729;2501169.24;1127991.28;422;2.9
1240;2501934.27;1127025.24;383.57;15.1
9000;2501754.27;1126921.22;388.5;27
5821;2501700.92;1126644.86;392.1;3.9
1449;2501799.3;1125885.19;377.1;3
11428;2501594.26;1127489.27;402.82;8
3249;2501958.3;1126204.2;384.52;16
9959;2501229.26;1127635.27;412.7;3.2
15929;2501496;1126423;401.2;200
10788;2501629.26;1127430.27;401.22;10
4933;2502174.31;1128110.63;386;3.2
15717;2501275;1126495;410;200
14599;2501431.27;1126930.21;404.5;1.8
11380;2501194.24;1126525.22;414.9;4.3
1231;2501935.3;1125953.19;381.68;23.8
1459;2500401.25;1128030.28;428.65;10.15
1467;2500229.25;1126473.26;415.65;2.15
12274;2501813.26;1125856.54;377.48;3.6
8190;2501309.25;1126134.19;408.1;3.3
10141;2501838.29;1126455.2;386.98;12
7610;2501944.3;1128080.71;395;8
13862;2501458.79;1126438.01;403;150
8695;2501745.29;1126415.19;390.59;8
6388;2502136.26;1127405.26;381.8;4.2
14154;2501875.27;1127358.27;390;4.2
13393;2501429.39;1127033.22;404;12
3811;2500389.23;1127320.27;424.5;8
17569;2502054.3;1127160.35;381.8;70
6387;2502080.26;1127410.26;382.7;4
16945;2501808;1126875;388.09;38
3810;2500357.23;1127045.25;422.2;4.05
11130;2499806.28;1126415.26;405.8;5.5
16017;2501453;1126335;403.8;3.5
6772;2502019.29;1126030.2;384.72;35
14368;2501947.3;1126316.2;381.65;15
6887;2501264.25;1126115.2;409.3;4
14556;2502129.29;1125815.2;373.4;1.9
5213;2501653.28;1126580.19;396.3;4.3
13398;2501420.55;1127008.14;405;4
6770;2501969.3;1126090.19;384.98;30
5728;2501005.21;1128149.29;425.8;2
10792;2501897.3;1125940.18;379.93;20
5726;2501088.23;1128063.28;424.5;3.5
8692;2501555.27;1126641.2;401.12;4.1
2769;2502075.29;1125904.2;383.02;10
14367;2501877.3;1126263.19;386.99;20
5329;2501277.25;1126028.2;389;1.6
3813;2500389.68;1128029.85;428.66;4.3
15605;2501752;1127023;388.28;13.1
4411;2501882.3;1126018.18;384;1.6
11429;2501893.25;1127607.26;389.7;7.45
16946;2501651;1126229;397.5;56
1084;2501899.27;1127045.24;385;15.5
12765;2501598.26;1127417.27;401.01;12
14418;2501854.3;1125903.18;377.7;10
7135;2501159.26;1127136.22;423.6;2.5
7326;2502110.26;1127443.26;381.8;4.5
4919;2501339.25;1126575.21;407.5;2.7
12476;2501816.27;1127212.26;388.97;3.1
5820;2501698.45;1126664.35;393;5.2
12701;2501610.28;1126494.19;397.5;10
13970;2501671.27;1127258.25;393;2
9749;2501660.25;1127768.27;398.52;10.5
13156;2501267.59;1127019.86;412;68
12003;2501731.2;1126751.99;392.5;2.6
16016;2501455;1126304;403.5;3.5
10300;2501999.31;1127920.65;385.7;6
1076;2502224.27;1127145.27;373.2;20
9752;2501879.3;1126065.18;387.33;9.6
8616;2501965.26;1127446.27;386.5;15.2
10140;2501813.29;1126492.2;386.74;12
14640;2500959.18;1126994.37;422;160
15894;2499806;1126768;429.4;140
20067;2502075;1126002;375;210
20107;2500433;1126979;421.25;86
20214;2501884;1126681;384.72;30
21087;2501731.74;1127174.17;391.97;6
21086;2501687.03;1127196.79;392.62;6
21221;2501812;1126954;386.8;4.1
21223;2501852;1126937;386.78;4.1
21220;2501777;1126978;387.17;4
21222;2501859;1126977;386.57;4
21224;2501892;1126954;385.73;4.1
21681;2501614;1126403;397.5;4
21682;2501615;1126393;397.3;3.8
23864;2501939;1127147;384.8;8
23598;2501875.55;1125829.1;377.68;7
23866;2501960;1127206;385.9;8
23865;2501964;1127164;383.8;8
24049;2501160;1126734;419.55;4
24047;2501192;1126736;417.6;4
24048;2501192;1126709;417.6;4
24210;2501887;1127121;386.36;1.7
24205;2501843;1127080;387.04;2.4
24209;2501860;1127120;387.24;2
24202;2501894;1127108;385.72;1.9
24206;2501843;1127118;387.81;1.5
24207;2501843;1127102;387.37;1.8
24203;2501849;1127126;387.63;2.2
24204;2501864;1127080;387.02;2
24208;2501856;1127106;387.32;2
24211;2501889;1127118;386.04;1.9
24329;2501895.38;1125867.18;381.48;10
24328;2501893.61;1125849.15;380.33;2
24330;2501894.86;1125839.09;381.68;20
24713;2502136;1127106;381.07;180
24714;2502136.16;1127096.79;381;180
24750;2502139;1126956;376.2;4.25
24749;2502111;1126964;376.1;3.15
